Timestamp,Person_ID,Class,BBox
2024-11-09 15:06:54,1,person,"[198.3154547658401, 231.87406735985397, 424.3203655692523, 537.5261650020257]"
2024-11-09 15:06:54,4,person,"[452.97992241159994, 189.9359294693486, 929.0392733177353, 430.48128356896666]"
2024-11-09 15:06:54,7,person,"[237.49671531353687, 511.21683057300265, 545.7641357013977, 1148.5167317132848]"
2024-11-09 15:06:55,1,person,"[198.32257646275764, 231.87580039869124, 424.3161193583087, 537.5250414906795]"
2024-11-09 15:06:55,4,person,"[453.00505671454596, 189.96026466646364, 929.0839226291716, 430.5117513102134]"
2024-11-09 15:06:55,7,person,"[237.54627600347405, 511.21434656141594, 545.7251098559454, 1148.5199549723675]"
2024-11-09 15:06:57,1,person,"[198.3239613719726, 231.87812736729907, 424.31122623868976, 537.5306743325898]"
2024-11-09 15:06:57,4,person,"[453.02290094166733, 189.9243562391304, 929.1250761351612, 430.4847280570457]"
2024-11-09 15:06:57,7,person,"[237.58719966433853, 511.2116957662043, 545.6845840394059, 1148.5220188940534]"
2024-11-09 15:06:58,1,person,"[198.33347327709117, 231.87938049513974, 424.31112521988473, 537.5291062496622]"
2024-11-09 15:06:58,4,person,"[453.03846841153165, 189.94695361915058, 929.1613368857234, 430.5150864812242]"
2024-11-09 15:06:58,7,person,"[237.63314000904327, 511.2093612122261, 545.6607500519622, 1148.5266499203135]"
2024-11-09 15:06:59,1,person,"[198.3336537829373, 231.8789685041392, 424.30798068721197, 537.5339888684571]"
2024-11-09 15:06:59,4,person,"[453.04826129377756, 189.93714215809499, 929.1987691781576, 430.5173919080239]"
2024-11-09 15:06:59,7,person,"[237.6700047406511, 511.2094464711365, 545.6319402274878, 1148.5295439853628]"
2024-11-09 15:07:00,1,person,"[198.33884056694103, 231.87948381212888, 424.3046963114216, 537.5312432993619]"
2024-11-09 15:07:00,4,person,"[453.064120830965, 189.94033332638404, 929.2201951100674, 430.5206709225531]"
2024-11-09 15:07:00,7,person,"[237.7012694862322, 511.20762634978206, 545.6035066279826, 1148.529345739512]"
2024-11-09 15:07:01,1,person,"[198.33822530414926, 231.87950637752343, 424.29950927422385, 537.5325584283624]"
2024-11-09 15:07:01,4,person,"[453.07389193903623, 189.91904217893972, 929.2439501800636, 430.50425687396216]"
2024-11-09 15:07:01,7,person,"[237.72377743214088, 511.2064251357145, 545.5706951150173, 1148.5301833013366]"
2024-11-09 15:07:02,1,person,"[198.34424430427384, 231.87972246557038, 424.2992657255635, 537.5310313989389]"
2024-11-09 15:07:02,4,person,"[453.07567670590254, 189.93005852719398, 929.2509276954121, 430.51540780710684]"
2024-11-09 15:07:02,7,person,"[237.75187996611342, 511.204371617921, 545.551318237927, 1148.5321826271602]"
2024-11-09 15:07:03,1,person,"[198.34167905236586, 231.88158739856482, 424.2944926291548, 537.536694706688]"
2024-11-09 15:07:03,4,person,"[453.07604368941816, 189.9105211106815, 929.2718698060908, 430.5050160117586]"
2024-11-09 15:07:03,7,person,"[237.77698312968016, 511.20329985882046, 545.5331261631453, 1148.5342053260608]"
2024-11-09 15:07:04,1,person,"[198.79868755104323, 231.36812158059988, 424.38887962790864, 536.4208976726688]"
2024-11-09 15:07:04,4,person,"[449.0781494501058, 187.04158437974547, 920.4579354429703, 425.3191620985192]"
2024-11-09 15:07:04,7,person,"[219.57572378004264, 543.0561171814875, 529.1154929873346, 1182.0512419168258]"
2024-11-09 15:07:05,1,person,"[198.95216392919923, 231.1702572348627, 424.451406909429, 535.9995472475736]"
2024-11-09 15:07:05,4,person,"[447.6021116511792, 185.93608057828664, 917.1030640554998, 423.3738077646726]"
2024-11-09 15:07:05,7,person,"[212.47025602093333, 555.0478284004607, 523.1999889687658, 1194.6683301835842]"
2024-11-09 15:07:06,1,person,"[199.00920621533993, 231.0947000209223, 424.4725365012626, 535.7769891244106]"
2024-11-09 15:07:06,4,person,"[447.18274182596747, 185.52810675382295, 915.7694480236823, 422.5935641020568]"
2024-11-09 15:07:06,7,person,"[209.6669390633302, 559.3382211931078, 521.318550914876, 1199.1881181283177]"
2024-11-09 15:07:08,1,person,"[199.00561081184554, 231.065008162854, 424.492041731159, 535.6884614925044]"
2024-11-09 15:07:08,4,person,"[447.08407931330987, 185.35591680586288, 915.3025328825246, 422.32002166003497]"
2024-11-09 15:07:08,7,person,"[208.38605120139164, 560.7981292363415, 520.7865053461665, 1200.718709438289]"
2024-11-09 15:07:09,1,person,"[198.9790433225063, 231.05797936525386, 424.5179593267346, 535.6729071203249]"
2024-11-09 15:07:09,4,person,"[447.1288255621969, 185.3271527931671, 915.1101364956376, 422.2451560475155]"
2024-11-09 15:07:09,7,person,"[207.90590703392587, 561.1548932698825, 520.9842895529412, 1201.1013783834715]"
2024-11-09 15:07:10,1,person,"[198.94647534129794, 231.05382585634047, 424.5391431737181, 535.6702076453932]"
2024-11-09 15:07:10,4,person,"[447.1999265427488, 185.29179216619724, 915.0517832637054, 422.21258088784833]"
2024-11-09 15:07:10,7,person,"[207.55283987925267, 561.1548584399561, 521.21189438547, 1201.0945651545746]"
2024-11-09 15:07:11,1,person,"[198.9234416880671, 231.05521924524115, 424.5647597504616, 535.6714634329427]"
2024-11-09 15:07:11,4,person,"[447.2972846670721, 185.3023756450183, 915.0165988768392, 422.214763474291]"
2024-11-09 15:07:11,7,person,"[207.3491510153069, 561.0131190147185, 521.5323787965101, 1200.9431940540917]"
2024-11-09 15:07:12,1,person,"[198.9059136463128, 231.05970195779287, 424.5922920492111, 535.6770164876439]"
2024-11-09 15:07:12,4,person,"[447.3716160258298, 185.32205727130628, 915.0236013081785, 422.2557901379337]"
2024-11-09 15:07:12,7,person,"[207.20262203582865, 560.8426065636909, 521.860316545035, 1200.7627852249875]"
2024-11-09 15:07:13,1,person,"[198.89061700484825, 231.06217782072122, 424.620160065589, 535.6837138830299]"
2024-11-09 15:07:13,4,person,"[447.45335274060267, 185.33692232872482, 915.0197818008414, 422.27563470387105]"
2024-11-09 15:07:13,7,person,"[207.07253299835108, 560.6645687454732, 522.15903174345, 1200.5764558344583]"
2024-11-09 15:07:14,1,person,"[198.8706879534026, 231.0643030521122, 424.63676640368726, 535.68664886188]"
2024-11-09 15:07:14,4,person,"[447.5128389248663, 185.3693267599678, 915.0329279623285, 422.3305049198447]"
2024-11-09 15:07:14,7,person,"[206.9679417908606, 560.5023514850159, 522.4421166485806, 1200.4054794025553]"
2024-11-09 15:07:15,1,person,"[198.8549452756662, 231.06737071000174, 424.6557606137511, 535.6920625742969]"
2024-11-09 15:07:15,4,person,"[447.5760374257095, 185.37703622505217, 915.0323303929024, 422.3460064839022]"
2024-11-09 15:07:15,7,person,"[206.88176120450478, 560.3517206217562, 522.7065167220107, 1200.2477910555815]"
2024-11-09 15:07:17,1,person,"[198.84215055604443, 231.07062980065052, 424.67281272219157, 535.695278734778]"
2024-11-09 15:07:17,4,person,"[447.62464648188586, 185.38944984791584, 915.0486660478867, 422.38036281975224]"
2024-11-09 15:07:17,7,person,"[206.80310471551203, 560.2278127474563, 522.9459180663689, 1200.1173510332105]"
2024-11-09 15:07:18,1,person,"[198.8303746265916, 231.07364177985585, 424.6923464951295, 535.7044616040353]"
2024-11-09 15:07:18,4,person,"[447.6793491504425, 185.3844825726756, 915.0497609216336, 422.3814820528705]"
2024-11-09 15:07:18,7,person,"[206.72174042921438, 560.1101587477604, 523.1524585820142, 1199.9949205740932]"
2024-11-09 15:07:19,1,person,"[198.81789606884303, 231.07547126753485, 424.7054272236659, 535.7078271584601]"
2024-11-09 15:07:19,4,person,"[447.72208539006385, 185.38302849418255, 915.0537169497157, 422.3913765877327]"
2024-11-09 15:07:19,7,person,"[206.640638608458, 560.0136841179931, 523.3325806534835, 1199.8943069249435]"
2024-11-09 15:07:20,1,person,"[198.79257742017535, 231.07787063298457, 424.70280841889655, 535.7110827245951]"
2024-11-09 15:07:20,4,person,"[447.75593841870364, 185.38371551664213, 915.0538166289155, 422.402996523374]"
2024-11-09 15:07:20,7,person,"[206.57600214292137, 559.921310095682, 523.503641185581, 1199.7975578800524]"
2024-11-09 15:07:21,1,person,"[198.77477086523817, 231.07890624915305, 424.7072914830463, 535.715817203462]"
2024-11-09 15:07:21,4,person,"[447.7820873749907, 185.4008267105114, 915.0612250479855, 422.43768715460874]"
2024-11-09 15:07:21,7,person,"[206.5133760406108, 559.8469336090402, 523.6545504704065, 1199.7185251109477]"
2024-11-09 15:07:22,1,person,"[198.76433873053827, 231.08055174884302, 424.71588563556395, 535.7192770421539]"
2024-11-09 15:07:22,4,person,"[447.821868287488, 185.38918132436615, 915.0524963690673, 422.42381601078716]"
2024-11-09 15:07:22,7,person,"[206.45314165608315, 559.7749006300095, 523.7874573447017, 1199.6435230362376]"
2024-11-09 15:07:23,1,person,"[198.75685729531523, 231.08093487213208, 424.72219339168214, 535.7159353643167]"
2024-11-09 15:07:23,4,person,"[447.8479221650821, 185.39702161359722, 915.0570609423537, 422.4426748518265]"
2024-11-09 15:07:23,7,person,"[206.4015930048341, 559.716499325276, 523.9107317290275, 1199.5817707900478]"
2024-11-09 15:07:24,1,person,"[198.74786111984562, 231.08202914974785, 424.72549535094265, 535.7128024962941]"
2024-11-09 15:07:24,4,person,"[447.8756881825265, 185.4027900233143, 915.0483657215893, 422.44874305371934]"
2024-11-09 15:07:24,7,person,"[206.35686539278493, 559.6226168642472, 524.0238881494306, 1199.4847149709044]"
2024-11-09 15:07:26,1,person,"[198.7447256619098, 231.08314895055088, 424.7343216083194, 535.7115051533226]"
2024-11-09 15:07:26,4,person,"[447.89301093044, 185.4182597916232, 915.0551062144381, 422.4778724426711]"
2024-11-09 15:07:26,7,person,"[206.31441849372357, 559.5638814666556, 524.1246330587361, 1199.422569041601]"
2024-11-09 15:07:27,1,person,"[198.73131552775243, 231.06099905688296, 424.72406128182524, 535.6776278501823]"
2024-11-09 15:07:27,4,person,"[447.80986203269174, 185.36310921310886, 914.8858569380961, 422.3790891714373]"
2024-11-09 15:07:27,7,person,"[206.034335648202, 559.451363507725, 523.9379053990483, 1199.309130547896]"
2024-11-09 15:07:28,1,person,"[198.7269273156395, 231.05232120424728, 424.7223770727602, 535.6588687133666]"
2024-11-09 15:07:28,4,person,"[447.72671311367947, 185.3079586345945, 914.7166076830185, 422.2803059002034]"
2024-11-09 15:07:28,7,person,"[205.91441833949173, 559.3710247360165, 523.9037110926473, 1199.2292340716635]"
2024-11-09 15:07:29,1,person,"[198.73919399676714, 231.0587293245114, 424.74016351763174, 535.659276697138]"
2024-11-09 15:07:29,4,person,"[447.6435641734031, 185.25280805608014, 914.5473584492047, 422.1815226289695]"
2024-11-09 15:07:29,7,person,"[205.80227391762546, 559.3266031902943, 523.8691479139123, 1199.1808029644126]"
2024-11-09 15:07:30,1,person,"[198.763261949121, 231.06230677333176, 424.76016201549805, 535.6422233599227]"
2024-11-09 15:07:30,4,person,"[447.5604152118627, 185.19765747756577, 914.3781092366551, 422.0827393577356]"
2024-11-09 15:07:30,7,person,"[205.75045520689355, 559.2903692227612, 523.8892486255767, 1199.1433775308203]"
2024-11-09 15:07:31,1,person,"[198.76348933455785, 231.0497224479246, 424.77835648561427, 535.642877802875]"
2024-11-09 15:07:31,4,person,"[447.4772662290582, 185.14250689905143, 914.2088600453694, 421.98395608650173]"
2024-11-09 15:07:31,7,person,"[205.72906870484707, 559.2593622565388, 523.9305735674268, 1199.107586962415]"
2024-11-09 15:07:32,1,person,"[198.76796136999772, 231.04436170401303, 424.7714871571202, 535.6069740595196]"
2024-11-09 15:07:32,4,person,"[447.3941172249897, 185.08735632053708, 914.0396108753478, 421.8851728152679]"
2024-11-09 15:07:32,7,person,"[205.71314865090716, 559.2431274125404, 523.9729414252668, 1199.090097963221]"
2024-11-09 15:07:33,1,person,"[198.7643484865734, 231.04270948015468, 424.7822176595318, 535.6140482483404]"
2024-11-09 15:07:33,4,person,"[447.31096819965717, 185.0322057420227, 913.8703617265901, 421.786389544034]"
2024-11-09 15:07:33,7,person,"[205.69215974834123, 559.230533302459, 524.0029111346528, 1199.074480788202]"
2024-11-09 15:07:35,1,person,"[198.76991618325093, 231.0431877666133, 424.7875310941739, 535.6023456127679]"
2024-11-09 15:07:35,4,person,"[447.22781915306064, 184.97705516350834, 913.7011125990966, 421.68760627280017]"
2024-11-09 15:07:35,7,person,"[205.66728081852898, 559.2185536484681, 524.0273671816666, 1199.0652485309975]"
2024-11-09 15:07:36,1,person,"[198.76419624536703, 231.0417507200134, 424.79555992646465, 535.6107975354514]"
2024-11-09 15:07:36,4,person,"[447.1446700852, 184.921904584994, 913.5318634928672, 421.5888230015663]"
2024-11-09 15:07:36,7,person,"[205.64886480803733, 559.2078930184289, 524.0515198314572, 1199.054127567757]"
2024-11-09 15:07:36,14,person,"[465.9813763226767, 272.6987317708898, 960.6592974020109, 591.4925020693553]"
2024-11-09 15:07:37,1,person,"[198.76848846454533, 231.055875613951, 424.8015988572618, 535.6182031031874]"
2024-11-09 15:07:37,4,person,"[447.0615209960753, 184.86675400647965, 913.3626144079017, 421.49003973033246]"
2024-11-09 15:07:37,7,person,"[205.64041723828063, 559.1940521765487, 524.0818841876544, 1199.0407088438121]"
2024-11-09 15:07:37,14,person,"[465.9706062277353, 272.69519004591336, 960.6794173920402, 591.4894734845873]"
2024-11-09 15:07:38,1,person,"[198.75068316142034, 231.05940445753825, 424.79834307761837, 535.6351752748074]"
2024-11-09 15:07:38,4,person,"[446.97837188568656, 184.81160342796528, 913.1933653442004, 421.39125645909854]"
2024-11-09 15:07:38,7,person,"[205.62497040573592, 559.1840774639136, 524.0999937152302, 1199.0291115267469]"
2024-11-09 15:07:38,14,person,"[465.9577455391462, 272.68877988802524, 960.6991601000907, 591.4867691082472]"
2024-11-09 15:07:39,1,person,"[198.7499083235407, 231.06154329008916, 424.7972895503864, 535.6294242382689]"
2024-11-09 15:07:39,4,person,"[446.89522275403385, 184.7564528494509, 913.024116301763, 421.29247318786463]"
2024-11-09 15:07:39,7,person,"[205.6181595332006, 559.1731379927489, 524.126100801464, 1199.0189196849901]"
2024-11-09 15:07:39,14,person,"[465.94771200288676, 272.69159717648427, 960.716108386953, 591.4914361482347]"
2024-11-09 15:07:40,1,person,"[198.7433693672379, 231.06112298070275, 424.8055757010442, 535.6449172077861]"
2024-11-09 15:07:40,4,person,"[446.81207360111705, 184.70130227093657, 912.8548672805898, 421.1936899166308]"
2024-11-09 15:07:40,7,person,"[205.60773854671675, 559.16407196077, 524.1427289745227, 1199.008024047817]"
2024-11-09 15:07:40,14,person,"[465.9356140064279, 272.6893271232968, 960.7320464934241, 591.4933005059934]"
2024-11-09 15:07:41,1,person,"[198.75005225947916, 231.06125117788133, 424.80847219661234, 535.6338728543328]"
2024-11-09 15:07:41,4,person,"[446.72892442693615, 184.64615169242222, 912.6856182806805, 421.0949066453969]"
2024-11-09 15:07:41,7,person,"[205.60722810535898, 559.152955525148, 524.1676696416553, 1198.9967542618338]"
2024-11-09 15:07:41,14,person,"[465.92769302251384, 272.6903075999162, 960.7487250872223, 591.4972064240301]"
2024-11-09 15:07:42,1,person,"[198.73856081731395, 231.05046650014793, 424.8086694057147, 535.6357085855263]"
2024-11-09 15:07:42,4,person,"[446.64577523149126, 184.59100111390785, 912.5163693020352, 420.99612337416306]"
2024-11-09 15:07:42,7,person,"[205.5995738525578, 559.1448309401728, 524.1825679312763, 1198.9876078408931]"
2024-11-09 15:07:42,14,person,"[465.9193997544904, 272.6838509223792, 960.7596401307594, 591.4915844093703]"
2024-11-09 15:07:44,1,person,"[198.74479272288187, 231.04736117683336, 424.8087141696013, 535.6186406662423]"
2024-11-09 15:07:44,4,person,"[446.5626260147824, 184.53585053539348, 912.3471203446541, 420.8973401029292]"
2024-11-09 15:07:44,7,person,"[205.59528316405346, 559.1386418514298, 524.200695712698, 1198.9826736030645]"
2024-11-09 15:07:44,14,person,"[465.911611306598, 272.68385651267084, 960.7660605039418, 591.4906903544281]"
2024-11-09 15:07:45,1,person,"[198.7332856115216, 231.0454297988811, 424.80825648850714, 535.6290074573053]"
2024-11-09 15:07:45,4,person,"[446.4794767768094, 184.48069995687914, 912.1778714085369, 420.79855683169535]"
2024-11-09 15:07:45,7,person,"[205.58656705298526, 559.134086170443, 524.2106332040836, 1198.977268965417]"
2024-11-09 15:07:45,14,person,"[465.905919878683, 272.68031335950434, 960.7750054192774, 591.4870714299982]"
2024-11-09 15:07:46,1,person,"[198.7311424727221, 231.05456927928086, 424.80071077958553, 535.6262186384266]"
2024-11-09 15:07:46,4,person,"[446.39632751757233, 184.4255493783648, 912.0086224936838, 420.6997735604615]"
2024-11-09 15:07:46,7,person,"[205.58552954922644, 559.1283940792141, 524.2286538524668, 1198.9721655828098]"
2024-11-09 15:07:46,14,person,"[465.8998056254435, 272.6790054501953, 960.7837299350047, 591.4867687151336]"
2024-11-09 15:07:47,1,person,"[198.7194257653555, 231.0587688858694, 424.8150743570459, 535.6668775256045]"
2024-11-09 15:07:47,4,person,"[446.31317823707127, 184.37039879985042, 911.8393736000949, 420.6009902892276]"
2024-11-09 15:07:47,7,person,"[205.58335295868525, 559.1250535871969, 524.2425092287856, 1198.9671508081847]"
2024-11-09 15:07:47,14,person,"[465.893454329148, 272.6737713862475, 960.7921670376577, 591.4832207070733]"
2024-11-09 15:07:48,1,person,"[198.73419639303745, 231.0625714853887, 424.8180492736466, 535.6517123166396]"
2024-11-09 15:07:48,4,person,"[446.23002893530617, 184.31524822133605, 911.6701247277699, 420.50220701799367]"
2024-11-09 15:07:48,7,person,"[205.58308525957995, 559.120366303845, 524.2576574932057, 1198.9631343414399]"
2024-11-09 15:07:48,14,person,"[465.8863046141107, 272.6742364909301, 960.8023190739852, 591.4883073401295]"
2024-11-09 15:07:49,1,person,"[198.53057767615007, 231.0244265603891, 424.84169144740895, 535.9476768868901]"
2024-11-09 15:07:49,4,person,"[446.146879612277, 184.2600976428217, 911.500875876709, 420.4034237467598]"
2024-11-09 15:07:49,7,person,"[206.42026258529845, 558.5365613719136, 525.1096823867773, 1198.2563543426495]"
2024-11-09 15:07:49,14,person,"[465.44625501685636, 272.6400554442045, 960.0268415835094, 591.3213105578834]"
2024-11-09 15:07:50,1,person,"[198.48585361929992, 231.008164371673, 424.85597670701856, 536.0333883257322]"
2024-11-09 15:07:50,4,person,"[446.06373026798383, 184.20494706430736, 911.331627046912, 420.30464047552596]"
2024-11-09 15:07:50,7,person,"[206.73989650877346, 558.3088752180743, 525.4775471397154, 1197.9832832523298]"
2024-11-09 15:07:50,14,person,"[465.30573360302833, 272.6299787396108, 959.7008865208861, 591.2684166912982]"
2024-11-09 15:07:52,1,person,"[198.43888558090714, 231.0119608872899, 424.84430201907173, 536.11652299077]"
2024-11-09 15:07:52,4,person,"[445.9805809024266, 184.149796485793, 911.1623782383792, 420.2058572042921]"
2024-11-09 15:07:52,7,person,"[207.12323442841685, 558.2038418655303, 525.8967880513399, 1197.8377153623605]"
2024-11-09 15:07:52,14,person,"[464.8515838651289, 272.6588239989468, 959.200215076647, 591.4016207081515]"
2024-11-09 15:07:53,1,person,"[198.41326490360848, 231.01455420000553, 424.817241774596, 536.1463817818633]"
2024-11-09 15:07:53,4,person,"[445.89743151560526, 184.09464590727862, 910.9931294511102, 420.10707393305825]"
2024-11-09 15:07:53,7,person,"[207.23156001916865, 558.1748810099385, 526.0487685158715, 1197.793216290947]"
2024-11-09 15:07:53,14,person,"[501.5704048707687, 278.7671404869291, 999.9158403949596, 598.2428229149778]"
2024-11-09 15:07:54,1,person,"[198.40083025810327, 231.01526392545406, 424.7895662896185, 536.1532593719446]"
2024-11-09 15:07:54,4,person,"[445.81428210751994, 184.03949532876427, 910.8238806851056, 420.0082906618244]"
2024-11-09 15:07:54,7,person,"[207.23493539866655, 558.1838547853065, 526.096798134171, 1197.798627792238]"
2024-11-09 15:07:54,14,person,"[514.6358795399196, 281.0553913968936, 1016.002537066265, 600.807316646584]"
2024-11-09 15:07:55,1,person,"[198.40746320241325, 231.01558678243077, 424.78594985987047, 536.1649703801221]"
2024-11-09 15:07:55,4,person,"[445.7311326781705, 183.98434475024993, 910.6546319403649, 419.90950739059053]"
2024-11-09 15:07:55,7,person,"[207.23582162269457, 558.1767586360672, 526.1387646393894, 1197.789160723633]"
2024-11-09 15:07:55,14,person,"[518.7270807744804, 281.9057144715773, 1022.5972852050388, 601.7589684772349]"
2024-11-09 15:07:56,1,person,"[198.40864809980263, 231.01535164997645, 424.77298980113073, 536.1682288038006]"
2024-11-09 15:07:56,4,person,"[445.6479832275571, 183.92919417173556, 910.4853832168881, 419.8107241193566]"
2024-11-09 15:07:56,7,person,"[207.23971092824678, 558.1779858340794, 526.180934798407, 1197.7900607779795]"
2024-11-09 15:07:56,14,person,"[519.4557592085678, 282.245310817043, 1025.503053028082, 602.1336120343103]"
2024-11-09 15:07:57,1,person,"[198.40302667860226, 231.01583878712165, 424.7515804435302, 536.1679446567413]"
2024-11-09 15:07:57,4,person,"[445.5648337556797, 183.8740435932212, 910.3161345146755, 419.7119408481227]"
2024-11-09 15:07:57,7,person,"[207.22408408403555, 558.1780590020925, 526.2000212460385, 1197.790156321973]"
2024-11-09 15:07:57,14,person,"[482.16521706492756, 276.1890089150511, 985.9941904564907, 595.3902197610607]"
2024-11-09 15:07:59,1,person,"[198.40144636091406, 231.01589094307352, 424.73480993457065, 536.1665050789093]"
2024-11-09 15:07:59,4,person,"[445.4816842625382, 183.81889301470684, 910.1468858337269, 419.61315757688885]"
2024-11-09 15:07:59,7,person,"[207.18521202476455, 558.1919861907015, 526.1932533895304, 1197.8061547077768]"
2024-11-09 15:07:59,14,person,"[468.23213100697046, 273.87353077295, 970.6239897229626, 592.8107123543621]"
2024-11-09 15:08:00,1,person,"[198.3937771716367, 231.01579644967745, 424.71366109563166, 536.1655356630365]"
2024-11-09 15:08:00,4,person,"[445.39853474813265, 183.7637424361925, 909.9776371740425, 419.514374305655]"
2024-11-09 15:08:00,7,person,"[207.16186725042695, 558.1980958363356, 526.1984427115772, 1197.812673253108]"
2024-11-09 15:08:00,14,person,"[500.0897288305389, 279.27241980091594, 1005.5491717774578, 598.8093287783729]"
2024-11-09 15:08:01,1,person,"[198.39099080248855, 231.0158183661372, 424.6960071713811, 536.1607290022225]"
2024-11-09 15:08:01,4,person,"[445.315385212463, 183.70859185767813, 909.8083885356218, 419.41559103442114]"
2024-11-09 15:08:01,7,person,"[207.13468227627808, 558.200670308473, 526.1967518329374, 1197.8160228532743]"
2024-11-09 15:08:01,14,person,"[511.5588172392407, 281.31410317689483, 1019.2989617223964, 601.077553193349]"
2024-11-09 15:08:02,1,person,"[198.4029271586246, 231.01609779222014, 424.6981467985893, 536.1620225989816]"
2024-11-09 15:08:02,4,person,"[445.2322356555294, 183.65344127916376, 909.6391399184654, 419.3168077631873]"
2024-11-09 15:08:02,7,person,"[207.11629195896776, 558.2016774482518, 526.2010382684249, 1197.816729885297]"
2024-11-09 15:08:02,14,person,"[515.287257936938, 282.0506033302422, 1024.9005930936885, 601.8979254354165]"
2024-11-09 15:08:03,1,person,"[198.41378620052745, 231.01638576936372, 424.69757110661044, 536.1594711130277]"
2024-11-09 15:08:03,4,person,"[445.1490860773317, 183.59829070064941, 909.469891322573, 419.21802449195343]"
2024-11-09 15:08:03,7,person,"[207.10154951628056, 558.2040859063696, 526.207380662351, 1197.8200065216838]"
2024-11-09 15:08:03,14,person,"[516.1035183444968, 282.30188966538094, 1027.338185392589, 602.1785031097]"
2024-11-09 15:08:04,1,person,"[198.43046371624897, 231.01674969496477, 424.7042760648361, 536.1571564275646]"
2024-11-09 15:08:04,4,person,"[445.06593647786997, 183.54314012213507, 909.3006427479447, 419.1192412207196]"
2024-11-09 15:08:04,7,person,"[207.0853316143916, 558.2039294374124, 526.2097711476066, 1197.8199571483142]"
2024-11-09 15:08:04,14,person,"[515.8614763053008, 282.37915221770436, 1028.5349005007404, 602.2643980973012]"
2024-11-09 15:08:06,1,person,"[198.433682574482, 231.01697377716906, 424.69690520352765, 536.152429372013]"
2024-11-09 15:08:06,4,person,"[444.9827868571442, 183.4879895436207, 909.1313941945803, 419.02045794948566]"
2024-11-09 15:08:06,7,person,"[207.07126733442334, 558.205566820579, 526.2128909113283, 1197.822471365465]"
2024-11-09 15:08:06,14,person,"[515.2683060447144, 282.38287624501606, 1029.2327323809868, 602.2691164100196]"
2024-11-09 15:08:07,1,person,"[198.44939443619478, 231.0174007185907, 424.7081740439462, 536.1559586511053]"
2024-11-09 15:08:07,4,person,"[444.89963721515437, 183.43283896510633, 908.96214566248, 418.92167467825175]"
2024-11-09 15:08:07,7,person,"[207.06358203153647, 558.2065652939978, 526.2206583833538, 1197.823319904246]"
2024-11-09 15:08:07,14,person,"[514.5911326058308, 282.37296273392394, 1029.7194637889893, 602.2574120512354]"
2024-11-09 15:08:08,1,person,"[198.4475764939136, 231.01733405090235, 424.7010734575547, 536.1576277159668]"
2024-11-09 15:08:08,4,person,"[444.8164875519005, 183.37768838659198, 908.7928971516437, 418.8228914070179]"
2024-11-09 15:08:08,7,person,"[207.05809789012898, 558.2087713216174, 526.2297727504708, 1197.826132778257]"
2024-11-09 15:08:08,14,person,"[513.9267463634844, 282.3484234367355, 1030.106777485241, 602.2303745626798]"
2024-11-09 15:08:09,1,person,"[198.45795755292067, 231.01758008436101, 424.7069804481806, 536.1600582290137]"
2024-11-09 15:08:09,4,person,"[444.7333378673826, 183.32253780807764, 908.6236486620717, 418.72410813578404]"
2024-11-09 15:08:09,7,person,"[207.05203587183806, 558.2090380751223, 526.2364009534938, 1197.8262235421594]"
2024-11-09 15:08:09,14,person,"[513.3076777121722, 282.31952107011614, 1030.4390608946173, 602.1989155005401]"
2024-11-09 15:08:10,1,person,"[198.45638974361265, 231.01766869112876, 424.69811947398506, 536.1573551004128]"
2024-11-09 15:08:10,4,person,"[444.6501881616006, 183.26738722956327, 908.4544001937634, 418.6253248645502]"
2024-11-09 15:08:10,7,person,"[207.04598931700698, 558.2099729979886, 526.2423351327506, 1197.8277162187114]"
2024-11-09 15:08:10,14,person,"[512.7428775774865, 282.2963434497452, 1030.7351711217775, 602.1734681469634]"
2024-11-09 15:08:11,1,person,"[198.47006240289483, 231.0182991077783, 424.7081067846532, 536.1595625386736]"
2024-11-09 15:08:11,4,person,"[444.56703843455466, 183.2122366510489, 908.2851517467193, 418.5265415933163]"
2024-11-09 15:08:11,7,person,"[207.0271450380708, 558.2088611531647, 526.2336859094236, 1197.8254070613389]"
2024-11-09 15:08:11,14,person,"[512.2317980515745, 282.2783203244727, 1031.0029584350423, 602.1532896764793]"
2024-11-09 15:08:13,1,person,"[198.23157318593508, 231.3131539770967, 424.6571106703851, 536.7483234640235]"
2024-11-09 15:08:13,4,person,"[461.2426273402307, 191.57949289528597, 940.336369179259, 434.8350233842003]"
2024-11-09 15:08:13,7,person,"[208.22974151516695, 557.9985597001897, 527.3411110272095, 1197.5480127470591]"
2024-11-09 15:08:13,14,person,"[475.9580272033641, 276.1037124813922, 991.4047483601234, 595.2083200291854]"
2024-11-09 15:08:14,1,person,"[198.14858948294346, 231.42491462420008, 424.62936893739766, 536.9716364307674]"
2024-11-09 15:08:14,4,person,"[462.5397832669954, 191.58920230862108, 940.1222164456856, 433.71100629980924]"
2024-11-09 15:08:14,7,person,"[208.952951731509, 557.899307345843, 528.0037047551544, 1197.421944350005]"
2024-11-09 15:08:14,14,person,"[473.14653688445037, 275.6416412461726, 988.4952037238579, 594.6847719056707]"
2024-11-09 15:08:15,1,person,"[198.19627492446764, 231.4712193905776, 424.68709299186025, 537.063954513818]"
2024-11-09 15:08:15,4,person,"[462.85385249735657, 191.59638506347278, 940.1042698427947, 433.327580431632]"
2024-11-09 15:08:15,7,person,"[208.89926576987742, 557.8856095368751, 527.8912054333505, 1197.3852063875074]"
2024-11-09 15:08:15,14,person,"[470.3350468061565, 275.17957001095294, 985.5856588469726, 594.1612237821557]"
2024-11-09 15:08:16,1,person,"[198.148606172526, 231.48069327509063, 424.6301953615289, 537.0919825937784]"
2024-11-09 15:08:16,4,person,"[461.7693993912227, 191.63404370372635, 940.6972819225259, 434.36081930467105]"
2024-11-09 15:08:16,7,person,"[209.244627192566, 557.8480063435532, 528.2013421742165, 1197.3523929049575]"
2024-11-09 15:08:16,14,person,"[458.9224925895861, 273.1072528762924, 971.587851491682, 591.8476744721302]"
2024-11-09 15:08:17,1,person,"[198.14904796458967, 231.48310477076777, 424.61104872653675, 537.0949849399082]"
2024-11-09 15:08:17,4,person,"[461.382196944949, 191.65710327617586, 940.902415517432, 434.80242907272316]"
2024-11-09 15:08:17,7,person,"[209.17050262112195, 557.8251846815692, 528.0875478251309, 1197.336416026304]"
2024-11-09 15:08:17,14,person,"[457.4537372149555, 272.71308210885377, 968.1436751409478, 591.403523099006]"
2024-11-09 15:08:18,1,person,"[198.15474370225917, 231.47891456104347, 424.59911153596397, 537.0923156735131]"
2024-11-09 15:08:18,4,person,"[461.261548700408, 191.63660796335165, 940.8102135420047, 434.87290346950937]"
2024-11-09 15:08:18,7,person,"[209.38421781312113, 557.8250036449367, 528.2708487023843, 1197.334342687655]"
2024-11-09 15:08:18,14,person,"[457.4809796452567, 272.5746919445138, 966.4931061772465, 591.248936928366]"
2024-11-09 15:08:19,1,person,"[198.15752203551227, 231.47917967265542, 424.5783479211123, 537.0832967440278]"
2024-11-09 15:08:19,4,person,"[461.2110034594075, 191.64377125596607, 940.765914290791, 434.9536514537933]"
2024-11-09 15:08:19,7,person,"[209.15963777814383, 557.8587095276646, 528.0108585869298, 1197.3696496878695]"
2024-11-09 15:08:19,14,person,"[458.0301911340541, 272.54305755311384, 965.5786704698012, 591.2078155456968]"
2024-11-09 15:08:21,1,person,"[198.16330711724518, 231.47893034404433, 424.5721462528179, 537.087772684754]"
2024-11-09 15:08:21,4,person,"[461.22166801279343, 191.62261705347976, 940.6643094993238, 434.92693639053516]"
2024-11-09 15:08:21,7,person,"[209.28173416537538, 557.8781564272983, 528.1085923710568, 1197.3896847088083]"
2024-11-09 15:08:21,14,person,"[458.7282863555448, 272.5484331974776, 965.003031333961, 591.2166122262886]"
2024-11-09 15:08:22,1,person,"[198.16891133648417, 231.47768194250818, 424.56422363701085, 537.0868666310977]"
2024-11-09 15:08:22,4,person,"[461.2411866313763, 191.63617044070162, 940.7061420670261, 435.0084501845446]"
2024-11-09 15:08:22,7,person,"[209.09062136203224, 557.8942521862941, 527.8879057663918, 1197.410826975086]"
2024-11-09 15:08:22,14,person,"[459.42047437796316, 272.5779696521257, 964.5687894591699, 591.2508927965746]"
2024-11-09 15:08:23,1,person,"[198.18468372542733, 231.477901423691, 424.5684913534833, 537.0889860956777]"
2024-11-09 15:08:23,4,person,"[461.28074604554274, 191.61845235454808, 940.5768056379911, 434.94001842557145]"
2024-11-09 15:08:23,7,person,"[209.277373863191, 557.8907424734222, 528.0549101214931, 1197.4083236684505]"
2024-11-09 15:08:23,14,person,"[460.07544637170156, 272.5980365796726, 964.2188756331832, 591.2733839004309]"
2024-11-09 15:08:24,1,person,"[198.1949841020495, 231.47873582244878, 424.56711681556806, 537.0895939953114]"
2024-11-09 15:08:24,4,person,"[461.32637607963716, 191.6270557457478, 940.5923896473994, 434.97228830063295]"
2024-11-09 15:08:24,7,person,"[209.1970151198674, 557.8751724259237, 527.9478389499263, 1197.3928777081633]"
2024-11-09 15:08:24,14,person,"[460.6674494564475, 272.62610989180587, 963.9153595498997, 591.3046519325133]"
2024-11-09 15:08:25,1,person,"[198.2015196204835, 231.47875752829268, 424.5624026412994, 537.0888814211982]"
2024-11-09 15:08:25,4,person,"[461.38717705488807, 191.6152408278311, 940.5086653809851, 434.9111656164655]"
2024-11-09 15:08:25,7,person,"[209.40410094124087, 557.8770991000979, 528.138757734378, 1197.3925949634781]"
2024-11-09 15:08:25,14,person,"[461.20401088114215, 272.63965808083253, 963.6508212836943, 591.3209866450925]"
2024-11-09 15:08:26,1,person,"[198.20105196710867, 231.479272348959, 424.54948269685997, 537.084689105089]"
2024-11-09 15:08:26,4,person,"[461.37676574231676, 191.62565150950496, 940.5427072234459, 434.9781800066563]"
2024-11-09 15:08:26,7,person,"[209.3207107380543, 557.8885888519821, 528.0324782881501, 1197.4026317147623]"
2024-11-09 15:08:26,14,person,"[461.6799591195679, 272.66166189844125, 963.4073591416902, 591.3449059345064]"
2024-11-09 15:08:28,1,person,"[198.20683853421122, 231.4765122526362, 424.54705667097846, 537.0814947835896]"
2024-11-09 15:08:28,4,person,"[461.3863277232797, 191.61198280472667, 940.4425395718786, 434.92946374435365]"
2024-11-09 15:08:28,7,person,"[209.49918625075514, 557.8882698316629, 528.2005802441431, 1197.402710601762]"
2024-11-09 15:08:28,14,person,"[462.10980875714256, 272.6761142767884, 963.1903011129581, 591.3607358415427]"
2024-11-09 15:08:29,1,person,"[198.20182047214215, 231.47578433397024, 424.53415544701886, 537.0798132124512]"
2024-11-09 15:08:29,4,person,"[461.38918818194907, 191.62214138170145, 940.4371516697734, 434.95991533442543]"
2024-11-09 15:08:29,7,person,"[209.37783933932266, 557.8801620341208, 528.0604103164826, 1197.3950834056336]"
2024-11-09 15:08:29,14,person,"[462.49412187832627, 272.69561319322906, 962.9948300601413, 591.3826743385739]"
2024-11-09 15:08:30,1,person,"[198.21526592027055, 231.47485905891622, 424.5430266263627, 537.0823986549102]"
2024-11-09 15:08:30,4,person,"[461.4179739822887, 191.6030355379596, 940.3463725231675, 434.8932536015583]"
2024-11-09 15:08:30,7,person,"[209.48614995148324, 557.8906028013308, 528.1588842465728, 1197.4016237513451]"
2024-11-09 15:08:30,14,person,"[462.8394438554643, 272.70630752024243, 962.8181892185921, 591.395756701758]"
2024-11-09 15:08:31,1,person,"[198.2181942811219, 231.47536176597276, 424.5390353565782, 537.0825042372282]"
2024-11-09 15:08:31,4,person,"[461.4162725448244, 191.60906004101588, 940.3819054323135, 434.93962454507005]"
2024-11-09 15:08:31,7,person,"[209.28490319741852, 557.8904022969192, 527.9398391476168, 1197.3990046763092]"
2024-11-09 15:08:31,14,person,"[463.14808499413147, 272.72222500124, 962.6589155528166, 591.4151946266497]"
2024-11-09 15:08:32,1,person,"[198.23107471362377, 231.47572171279384, 424.5470809859603, 537.0846984020495]"
2024-11-09 15:08:32,4,person,"[461.45350590042256, 191.5964631728182, 940.3203965678363, 434.88769940793793]"
2024-11-09 15:08:32,7,person,"[209.46659835226725, 557.8966855340975, 528.1147353766363, 1197.4045618348628]"
2024-11-09 15:08:32,14,person,"[463.4268047603649, 272.7294956535487, 962.5143911782895, 591.4247335649261]"
2024-11-09 15:08:34,1,person,"[198.22874321841243, 231.4759214486656, 424.53769169697694, 537.082415028543]"
2024-11-09 15:08:34,4,person,"[461.4647525194497, 191.61028992094055, 940.3468960673493, 434.92552619887704]"
2024-11-09 15:08:34,7,person,"[209.3320219062021, 557.8886275023301, 527.9659007419857, 1197.3966958627302]"
2024-11-09 15:08:34,14,person,"[463.6752099910954, 272.74209256622333, 962.3746825060932, 591.4353786362799]"
2024-11-09 15:08:35,1,person,"[198.23841671229565, 231.47526542766852, 424.5454692347328, 537.085707312762]"
2024-11-09 15:08:35,4,person,"[461.49913811850064, 191.5978127104999, 940.2722695554748, 434.86317786653717]"
2024-11-09 15:08:35,7,person,"[209.50977926560086, 557.8883502149229, 528.1385144691959, 1197.3951734048305]"
2024-11-09 15:08:35,14,person,"[463.9009461714003, 272.7470103446565, 962.2538084392331, 591.4409083494451]"
2024-11-09 15:08:36,1,person,"[198.5399273830625, 231.14548656712012, 424.4752958551012, 536.1930938526119]"
2024-11-09 15:08:36,4,person,"[455.35136413776615, 188.65334012225014, 930.6519776131255, 430.15642941807425]"
2024-11-09 15:08:36,7,person,"[208.06765960878252, 557.0822397810805, 526.7310358916709, 1196.6336081541604]"
2024-11-09 15:08:36,14,person,"[463.58938442928854, 272.72636835010474, 961.4404637654529, 591.4016205243408]"
2024-11-09 15:08:37,1,person,"[198.6401713335136, 231.02760390916453, 424.4669569245018, 535.8772606572537]"
2024-11-09 15:08:37,4,person,"[453.0320717274878, 187.5759530274388, 926.9844731736296, 428.3940176177905]"
2024-11-09 15:08:37,7,person,"[207.5258095830741, 556.7777094534727, 526.2114204461756, 1196.3483901385766]"
2024-11-09 15:08:37,14,person,"[463.60442085702914, 272.72923232268613, 961.015384935772, 591.3980086980744]"
2024-11-09 15:08:38,1,person,"[198.68006633242618, 230.97981148536397, 424.4960741295495, 535.7700025267545]"
2024-11-09 15:08:38,4,person,"[452.18484757648196, 187.17863295674044, 925.6845664074906, 427.7667817613959]"
2024-11-09 15:08:38,7,person,"[207.1629783989101, 556.6626566697613, 525.8590693545166, 1196.2338015530308]"
2024-11-09 15:08:38,14,person,"[463.7622339728091, 272.73744461553844, 960.7885298105555, 591.4080235680312]"
2024-11-09 15:08:40,1,person,"[198.68424049878547, 230.98775664722467, 424.49840241734637, 535.7312283039707]"
2024-11-09 15:08:40,4,person,"[451.33762324685273, 186.7813128860421, 924.3846598199752, 427.13954590500134]"
2024-11-09 15:08:40,7,person,"[207.20777084839875, 556.615694991375, 525.9142584350586, 1196.1901821113483]"
2024-11-09 15:08:40,14,person,"[463.94456926393116, 272.73676769383826, 960.6243655123155, 591.4085684444838]"
2024-11-09 15:08:41,1,person,"[198.67348999508914, 230.99505853785425, 424.5100531878938, 535.7293610941323]"
2024-11-09 15:08:41,4,person,"[450.4903987386, 186.38399281534373, 923.0847534110832, 426.51231004860676]"
2024-11-09 15:08:41,7,person,"[207.20574170213504, 556.5895706978888, 525.9209663875857, 1196.1650331746193]"
2024-11-09 15:08:41,14,person,"[464.1281867289773, 272.7402934341933, 960.4889806378044, 591.409287978837]"
2024-11-09 15:08:42,1,person,"[198.65844102054223, 231.00223489875475, 424.5258681077795, 535.7439026579607]"
2024-11-09 15:08:42,4,person,"[451.8403643087077, 186.82688936743187, 925.2918242136163, 427.39944038163196]"
2024-11-09 15:08:42,7,person,"[207.1795062209407, 556.579560439432, 525.9038479650364, 1196.157450401321]"
2024-11-09 15:08:42,14,person,"[464.29026162729446, 272.74128975510257, 960.3737822232947, 591.4149063172598]"
2024-11-09 15:08:43,1,person,"[198.66201074870446, 231.00938637379284, 424.55646287007573, 535.756333029522]"
2024-11-09 15:08:43,4,person,"[451.86144205933635, 186.79033822978155, 925.3188598491688, 427.3721660441198]"
2024-11-09 15:08:43,7,person,"[207.1728814884297, 556.5626359458792, 525.9049675770295, 1196.1431506095746]"
2024-11-09 15:08:43,14,person,"[464.4386348355847, 272.7466724881393, 960.2658701872779, 591.4223563905919]"
2024-11-09 15:08:44,1,person,"[198.65574371396113, 231.00858423609552, 424.57162028867276, 535.7549823900937]"
2024-11-09 15:08:44,4,person,"[451.8344569330128, 186.77483827414733, 925.3239161838443, 427.38209158742836]"
2024-11-09 15:08:44,7,person,"[207.16996116727918, 556.577084321448, 525.9083436318757, 1196.1567142911922]"
2024-11-09 15:08:44,14,person,"[464.5773562691394, 272.75077796718347, 960.1714266005449, 591.4262619709025]"
2024-11-09 15:08:46,1,person,"[198.6460789791361, 231.00846868637373, 424.58377073889267, 535.7580335155485]"
2024-11-09 15:08:46,4,person,"[451.8670784978557, 186.76408359194428, 925.3482918062197, 427.37316079578443]"
2024-11-09 15:08:46,7,person,"[207.22161651598734, 556.5749568533597, 525.9643457122417, 1196.1516187909438]"
2024-11-09 15:08:46,14,person,"[464.7061272386021, 272.7549891498577, 960.0797493686377, 591.4247830624756]"
2024-11-09 15:08:47,1,person,"[198.62967116429593, 231.00598725826023, 424.58060008199755, 535.7480455737536]"
2024-11-09 15:08:47,4,person,"[451.9118717429302, 186.79297287654518, 925.3527179299952, 427.38409654080147]"
2024-11-09 15:08:47,7,person,"[207.25923604634693, 556.5847464532028, 526.0062051621277, 1196.1597716036317]"
2024-11-09 15:08:47,14,person,"[464.82143715852357, 272.75574239674665, 960.0051213679585, 591.4255787067972]"
2024-11-09 15:08:48,1,person,"[198.6093633634411, 231.00747119257443, 424.5786385219315, 535.7527843235716]"
2024-11-09 15:08:48,4,person,"[451.5147745828359, 186.59108971025148, 924.7521702956398, 427.07892394625117]"
2024-11-09 15:08:48,7,person,"[207.2335588430987, 556.6016648723564, 525.984798889612, 1196.1769911567503]"
2024-11-09 15:08:48,14,person,"[464.9262832813246, 272.75792720866383, 959.9363325111445, 591.4264558361492]"
2024-11-09 15:08:49,1,person,"[198.60330268793362, 231.00601498713291, 424.58417701119447, 535.7466735821697]"
2024-11-09 15:08:49,4,person,"[451.11767733893817, 186.3892065439578, 924.1516227450879, 426.77375135170087]"
2024-11-09 15:08:49,7,person,"[207.2366502618095, 556.6203822522236, 525.9920145708121, 1196.1968771447368]"
2024-11-09 15:08:49,14,person,"[465.01963548140486, 272.7572068825122, 959.8751212263409, 591.4255902872012]"
2024-11-09 15:08:50,1,person,"[198.59789348255833, 231.00906417139666, 424.5970113368121, 535.7567821779536]"
2024-11-09 15:08:50,4,person,"[450.72058001123685, 186.18732337766414, 923.5510752783397, 426.46857875715057]"
2024-11-09 15:08:50,7,person,"[207.23895584201384, 556.6143730750664, 525.9973966978587, 1196.191765155906]"
2024-11-09 15:08:50,14,person,"[465.102643365459, 272.7588140946962, 959.8198831763209, 591.4279992282165]"
2024-11-09 15:08:52,1,person,"[198.59588113541014, 231.0107495168347, 424.6050599250706, 535.755393765351]"
2024-11-09 15:08:52,4,person,"[450.32348259973196, 185.98544021137045, 922.950527895395, 426.16340616260027]"
2024-11-09 15:08:52,7,person,"[207.25820412170089, 556.6227594543918, 526.0193129242018, 1196.2009894426235]"
2024-11-09 15:08:52,14,person,"[465.1727287356152, 272.76051027496044, 959.7673570198408, 591.432247153638]"
2024-11-09 15:08:53,1,person,"[198.59490305519205, 231.01244924157356, 424.6178199502873, 535.7609757764843]"
2024-11-09 15:08:53,4,person,"[449.9263851044236, 185.78355704507675, 922.3499805962538, 425.85823356804997]"
2024-11-09 15:08:53,7,person,"[207.2454579867967, 556.619265083486, 526.0087667363209, 1196.197386423279]"
2024-11-09 15:08:53,14,person,"[465.23973225729264, 272.76399510060196, 959.7193328585913, 591.4357765942689]"
2024-11-09 15:08:54,1,person,"[198.58710986499125, 231.01206299790243, 424.6224773436745, 535.7649911564185]"
2024-11-09 15:08:54,4,person,"[449.52928752531176, 185.58167387878308, 921.7494333809161, 425.5530609734997]"
2024-11-09 15:08:54,7,person,"[207.23427603092856, 556.6201478986528, 525.9998239765889, 1196.1965167975013]"
2024-11-09 15:08:54,14,person,"[465.29929131718757, 272.7637786537334, 959.6757999675041, 591.4358254542321]"
2024-11-09 15:08:55,1,person,"[198.5744109994531, 231.01123627686252, 424.6288786904794, 535.7806589090715]"
2024-11-09 15:08:55,4,person,"[449.13218986239633, 185.3797907124894, 921.1488862493819, 425.2478883789495]"
2024-11-09 15:08:55,7,person,"[207.21151353247444, 556.616151512515, 525.9795156862735, 1196.1910431414096]"
2024-11-09 15:08:55,14,person,"[465.35796046600524, 272.7642090397617, 959.6364290014433, 591.4327807585116]"
2024-11-09 15:08:56,1,person,"[198.56977362046194, 231.0075875121224, 424.6287066889626, 535.7732401637597]"
2024-11-09 15:08:56,4,person,"[448.7350921156774, 185.1779075461957, 920.5483392016513, 424.9427157843992]"
2024-11-09 15:08:56,7,person,"[207.20318205814218, 556.623386785132, 525.9752146012369, 1196.2010315638863]"
2024-11-09 15:08:56,14,person,"[465.40562327783255, 272.76362096971104, 959.6009893931305, 591.4325207172183]"
2024-11-09 15:08:58,1,person,"[198.56276620157257, 231.00721355651297, 424.63068112564224, 535.7762773345235]"
2024-11-09 15:08:58,4,person,"[448.3379942851549, 184.97602437990201, 919.9477922377241, 424.6375431898489]"
2024-11-09 15:08:58,7,person,"[207.1872368283312, 556.6265569091047, 525.9613892472928, 1196.2056944582698]"
2024-11-09 15:08:58,14,person,"[465.4483588585965, 272.76514240303294, 959.5685507000073, 591.4346578068171]"
2024-11-09 15:08:59,1,person,"[192.61498349355912, 230.63335137846076, 418.8014960841787, 535.5705347912315]"
2024-11-09 15:08:59,4,person,"[454.3018860184154, 192.00267249612213, 928.4733092196793, 432.83492523339976]"
2024-11-09 15:08:59,7,person,"[206.36078108344148, 558.0797340830225, 525.2177273524586, 1197.7002144313442]"
2024-11-09 15:08:59,14,person,"[455.6670253372803, 272.217872888511, 950.9982125120873, 591.6702801008039]"
2024-11-09 15:09:00,1,person,"[190.3309615397022, 230.47917081639045, 416.5732630338199, 535.5023055706617]"
2024-11-09 15:09:00,4,person,"[454.38125510016187, 192.2670870580281, 928.7824440843076, 433.1173713182435]"
2024-11-09 15:09:00,7,person,"[206.04472640272107, 558.6204559148712, 524.9650447560243, 1198.2561427520523]"
2024-11-09 15:09:00,14,person,"[451.99064743856576, 272.0124093984159, 947.777316866719, 591.7593918809796]"
2024-11-09 15:09:01,1,person,"[189.26048783740663, 230.4192623348249, 415.51469346500795, 535.4664578363498]"
2024-11-09 15:09:01,4,person,"[454.3622704039494, 192.40707719450648, 928.9290251460527, 433.2652388437865]"
2024-11-09 15:09:01,7,person,"[205.9328777203625, 558.8194828626374, 524.9087701450084, 1198.4660558519904]"
2024-11-09 15:09:01,14,person,"[450.64379346095484, 271.9379236031931, 946.5961032936423, 591.7926922426805]"
2024-11-09 15:09:03,1,person,"[189.3279762778796, 230.40150082254186, 415.59032936567274, 535.4689302409998]"
2024-11-09 15:09:03,4,person,"[454.32022476970917, 192.42966666500269, 929.0121092110262, 433.29020744847253]"
2024-11-09 15:09:03,7,person,"[205.88528968445667, 558.8855866668662, 524.9080767026268, 1198.5345223008508]"
2024-11-09 15:09:03,14,person,"[450.1909242318493, 271.91209131740266, 946.197901065683, 591.8035424601828]"
2024-11-09 15:09:04,1,person,"[189.4491888066325, 230.40150475738696, 415.7119559935687, 535.4765522030929]"
2024-11-09 15:09:04,4,person,"[454.2719645524765, 192.48552602389054, 929.0657045857042, 433.347753196247]"
2024-11-09 15:09:04,7,person,"[205.84884300169503, 558.9185730546442, 524.913711219473, 1198.5688217299776]"
2024-11-09 15:09:04,14,person,"[450.07680627588684, 271.9116160691475, 946.0990075255336, 591.8130264090528]"
2024-11-09 15:09:05,1,person,"[189.25596281088946, 230.39869620976228, 415.523672573613, 535.4892279267456]"
2024-11-09 15:09:05,4,person,"[454.2361344380775, 192.48999028284342, 929.1087850805488, 433.35000493349924]"
2024-11-09 15:09:05,7,person,"[205.82803020418024, 558.9236868372909, 524.9294500321956, 1198.5718475556869]"
2024-11-09 15:09:05,14,person,"[450.0925349317167, 271.9147768856817, 946.1166120989967, 591.8158448440172]"
2024-11-09 15:09:07,1,person,"[189.00192207109816, 230.3975292874725, 415.2633904717593, 535.4865920728089]"
2024-11-09 15:09:07,4,person,"[454.1965812606296, 192.46784179602304, 929.1436099543299, 433.3301384559463]"
2024-11-09 15:09:07,7,person,"[205.810432150988, 558.9259924462938, 524.9463660879956, 1198.5743551645842]"
2024-11-09 15:09:07,14,person,"[450.14499760382375, 271.9182298726313, 946.1660459898319, 591.8158462131779]"
2024-11-09 15:09:08,1,person,"[188.87730875140045, 230.39924562375666, 415.139337851059, 535.4971002824187]"
2024-11-09 15:09:08,4,person,"[454.16285735447934, 192.45179001325084, 929.1735721624132, 433.3160251230207]"
2024-11-09 15:09:08,7,person,"[205.8007231448674, 558.9172523478542, 524.9674203453649, 1198.5652200900013]"
2024-11-09 15:09:08,14,person,"[450.1993137079836, 271.9218636341456, 946.2156077684903, 591.8153484370464]"
2024-11-09 15:09:09,1,person,"[188.63332968701442, 230.4009870329133, 414.8853611976591, 535.4907658540901]"
2024-11-09 15:09:09,4,person,"[454.13146693346425, 192.44803556804516, 929.1952336284035, 433.3126957588245]"
2024-11-09 15:09:09,7,person,"[205.7912008548994, 558.9068689339723, 524.9858818172106, 1198.5558501649862]"
2024-11-09 15:09:09,14,person,"[450.25092691901335, 271.9247798419773, 946.2628315146646, 591.8141793326795]"
2024-11-09 15:09:10,1,person,"[188.67957755749097, 230.40335997558128, 414.92922878146436, 535.4958784961866]"
2024-11-09 15:09:10,4,person,"[454.1054435044582, 192.46532583925983, 929.2158094603697, 433.3304209422938]"
2024-11-09 15:09:10,7,person,"[205.78030571362532, 558.9001997151802, 524.9992404127678, 1198.5473167359582]"
2024-11-09 15:09:10,14,person,"[450.30202559320435, 271.92837168600465, 946.3096855669153, 591.8137088919289]"
2024-11-09 15:09:11,1,person,"[188.68863767466246, 230.4053688574692, 414.929216218301, 535.4894481347594]"
2024-11-09 15:09:11,4,person,"[454.080538761441, 192.4682566127147, 929.2327268992312, 433.33429809641154]"
2024-11-09 15:09:11,7,person,"[205.76328564795062, 558.9024937696729, 525.0056841725626, 1198.5503051028268]"
2024-11-09 15:09:11,14,person,"[450.34316278001035, 271.931428105049, 946.3443141157059, 591.8129052576651]"
2024-11-09 15:09:12,1,person,"[188.78701641714838, 230.40666390223353, 415.026265345202, 535.4932977610384]"
2024-11-09 15:09:12,4,person,"[454.0611343273546, 192.4173338830476, 929.2486613152084, 433.28345018704067]"
2024-11-09 15:09:12,7,person,"[205.75653154423512, 558.8981324103922, 525.0190762643488, 1198.5433085693535]"
2024-11-09 15:09:12,14,person,"[450.3890139888548, 271.9344704003287, 946.3876627867689, 591.8129925746568]"
2024-11-09 15:09:14,1,person,"[189.02291783270422, 230.4108692282433, 415.26091507550245, 535.4996605445568]"
2024-11-09 15:09:14,4,person,"[454.04276935370524, 192.40361547274154, 929.2635219886993, 433.2708148783139]"
2024-11-09 15:09:14,7,person,"[205.75283682172426, 558.894237030147, 525.0352608419863, 1198.5402932160673]"
2024-11-09 15:09:14,14,person,"[450.428394659065, 271.93665877499745, 946.425472215165, 591.8129447520752]"
2024-11-09 15:09:15,1,person,"[189.14391710914958, 230.41282230725272, 415.3842606560653, 535.5094559209406]"
2024-11-09 15:09:15,4,person,"[454.0289025251556, 192.3692258089323, 929.2792676764836, 433.23757528648616]"
2024-11-09 15:09:15,7,person,"[205.75147981049327, 558.8868033624658, 525.0513827354245, 1198.5329479040265]"
2024-11-09 15:09:15,14,person,"[450.45612143161145, 271.93821919911437, 946.4504726350541, 591.812043139234]"
2024-11-09 15:09:16,1,person,"[189.21635712250452, 230.41559932210964, 415.45170641533446, 535.5088107569686]"
2024-11-09 15:09:16,4,person,"[454.0139059057972, 192.35236798684195, 929.2902264552538, 433.2214763285501]"
2024-11-09 15:09:16,7,person,"[205.7473773707219, 558.8819874990362, 525.0633395606627, 1198.5297426443854]"
2024-11-09 15:09:16,14,person,"[450.4725421651765, 271.9390142634718, 946.461418561752, 591.8105370883309]"
2024-11-09 15:09:17,1,person,"[189.37666371001978, 230.41817148566946, 415.6145896762572, 535.5194676574588]"
2024-11-09 15:09:17,4,person,"[454.0008296135752, 192.34319145889089, 929.3022806713698, 433.21406940783214]"
2024-11-09 15:09:17,7,person,"[205.7417168032746, 558.8780155938039, 525.0707575338213, 1198.5242116375484]"
2024-11-09 15:09:17,14,person,"[450.48740747052733, 271.93908923967814, 946.4701504299105, 591.8088019798504]"
2024-11-09 15:09:19,1,person,"[189.35149832870957, 230.41964207553687, 415.5825050372754, 535.5143649888154]"
2024-11-09 15:09:19,4,person,"[453.988444055502, 192.331012840631, 929.3106707025433, 433.2025597018812]"
2024-11-09 15:09:19,7,person,"[205.73347419124795, 558.8772631817249, 525.0752804374231, 1198.5236114160539]"
2024-11-09 15:09:19,14,person,"[450.5132848412526, 271.9391619714313, 946.4920885580784, 591.8075823622385]"
2024-11-09 15:09:20,1,person,"[189.26376197960337, 230.41991529169906, 415.4921284302517, 535.5142951638284]"
2024-11-09 15:09:20,4,person,"[453.9842350572619, 192.3149639903193, 929.3161122880445, 433.18205408121116]"
2024-11-09 15:09:20,7,person,"[205.73377678848425, 558.8721856851619, 525.0866843926344, 1198.518578021729]"
2024-11-09 15:09:20,14,person,"[450.5280228526051, 271.92652933899944, 946.5021205184937, 591.793402410161]"
2024-11-09 15:09:21,1,person,"[189.3277365309636, 230.41976296975028, 415.5490406759346, 535.5060768402354]"
2024-11-09 15:09:21,4,person,"[453.97685534112486, 192.35990069223766, 929.3208561205736, 433.2245710557214]"
2024-11-09 15:09:21,7,person,"[205.7319447582727, 558.8680327532212, 525.095217493011, 1198.515643749628]"
2024-11-09 15:09:21,14,person,"[450.5480744264632, 271.92497137393934, 946.5187071702371, 591.7904220296232]"
2024-11-09 15:09:26,1,person,"[189.43838179771197, 230.4200920892458, 415.6621156949151, 535.5125958704667]"
2024-11-09 15:09:26,4,person,"[453.9682704374883, 192.37300710803112, 929.3277042562149, 433.23792608601445]"
2024-11-09 15:09:26,7,person,"[205.73586031301858, 558.8600241233167, 525.1065992282629, 1198.5041789197626]"
2024-11-09 15:09:26,14,person,"[450.5637774881578, 271.9250716447398, 946.5311517126959, 591.7894789067286]"
2024-11-09 15:09:31,1,person,"[195.53733017956264, 230.31855380195054, 421.7971176640624, 535.4509204529065]"
2024-11-09 15:09:31,4,person,"[478.7453897381798, 197.95929498918312, 975.8708112237284, 449.74718039425943]"
2024-11-09 15:09:31,7,person,"[205.21889607830818, 558.4698685653584, 524.3564853340291, 1197.9698593443306]"
2024-11-09 15:09:31,14,person,"[463.17578718583934, 272.3659355387556, 959.2887854481654, 592.260678288]"
